airline,date_of_journey,source,destination,dep_time,arrival_time,duration,total_stops,additional_info,price
Indigo,2019-03-24,Kolkata,Banglore,15:10:00,19:50:00,280,1.0,No Info,7476
Jet Airways,2019-03-21,Banglore,New Delhi,08:55:00,23:00:00,845,1.0,In-flight meal not included,6992
Jet Airways,2019-06-09,Banglore,Delhi,18:55:00,22:00:00,185,0.0,In-flight meal not included,7229
Air India,2019-03-18,Banglore,New Delhi,17:00:00,19:45:00,165,0.0,No Info,4441
Spicejet,2019-03-03,Banglore,New Delhi,09:35:00,12:30:00,175,0.0,No Info,6860
Indigo,2019-05-01,Mumbai,Hyderabad,19:05:00,20:35:00,90,0.0,No Info,2754
Multiple Carriers,2019-03-06,Delhi,Cochin,16:00:00,01:35:00,575,1.0,In-flight meal not included,15136
Indigo,2019-06-21,Kolkata,Banglore,17:15:00,19:50:00,155,0.0,No Info,4804
Indigo,2019-03-18,Mumbai,Hyderabad,20:05:00,21:35:00,90,0.0,No Info,2227
Indigo,2019-06-12,Delhi,Cochin,09:15:00,01:30:00,975,1.0,No Info,6628
Jet Airways,2019-05-18,Delhi,Cochin,09:40:00,04:25:00,1125,2.0,No Info,15129
Jet Airways,2019-04-18,Delhi,Cochin,11:00:00,14:15:00,195,0.0,No Info,9564
Multiple Carriers,2019-03-21,Delhi,Cochin,04:45:00,18:50:00,845,1.0,No Info,11098
Air Asia,2019-06-12,Kolkata,Banglore,19:55:00,22:25:00,150,0.0,No Info,3807
Indigo,2019-05-21,Kolkata,Banglore,19:55:00,23:50:00,235,1.0,No Info,4226
Multiple Carriers,2019-06-01,Delhi,Cochin,03:50:00,19:00:00,910,1.0,No Info,12192
Jet Airways,2019-06-12,Delhi,Cochin,09:00:00,12:35:00,1655,1.0,In-flight meal not included,10262
Air India,2019-05-15,Delhi,Cochin,12:55:00,19:15:00,1820,2.0,No Info,13486
Jet Airways,2019-05-12,Kolkata,Banglore,18:55:00,08:15:00,800,1.0,No Info,14388
Air India,2019-06-09,Delhi,Cochin,19:45:00,19:15:00,1410,2.0,No Info,9968
Jet Airways,2019-06-12,Delhi,Cochin,09:40:00,04:25:00,1125,2.0,In-flight meal not included,10368
Jet Airways,2019-05-03,Mumbai,Hyderabad,10:20:00,11:50:00,90,0.0,No Info,8040
Jet Airways,2019-03-06,Banglore,New Delhi,16:55:00,05:05:00,730,1.0,No Info,16736
Air India,2019-05-27,Mumbai,Hyderabad,21:05:00,22:25:00,80,0.0,No Info,3100
Jet Airways,2019-06-12,Delhi,Cochin,11:00:00,14:15:00,195,0.0,In-flight meal not included,7202
Jet Airways,2019-04-21,Delhi,Cochin,11:00:00,14:15:00,195,0.0,In-flight meal not included,7202
Indigo,2019-05-18,Banglore,Delhi,16:55:00,19:55:00,180,0.0,No Info,4823
Indigo,2019-03-09,Chennai,Kolkata,19:35:00,21:55:00,140,0.0,No Info,6297
Indigo,2019-04-09,Banglore,Delhi,22:10:00,01:00:00,170,0.0,No Info,3943
Goair,2019-05-09,Kolkata,Banglore,16:40:00,00:15:00,455,1.0,No Info,8777
Spicejet,2019-05-24,Banglore,Delhi,09:30:00,12:20:00,170,0.0,No check-in baggage included,3573
Multiple Carriers,2019-03-21,Delhi,Cochin,13:15:00,21:20:00,485,2.0,No Info,6653
Jet Airways,2019-05-06,Kolkata,Banglore,20:00:00,08:15:00,735,1.0,In-flight meal not included,9663
Indigo,2019-04-09,Banglore,Delhi,20:00:00,22:50:00,170,0.0,No Info,4823
Jet Airways,2019-06-12,Kolkata,Banglore,14:05:00,12:00:00,1315,1.0,In-flight meal not included,8529
Jet Airways,2019-03-21,Delhi,Cochin,02:15:00,04:25:00,1570,1.0,In-flight meal not included,7438
Multiple Carriers,2019-05-21,Delhi,Cochin,09:15:00,19:00:00,585,1.0,No Info,9627
Jet Airways,2019-06-09,Delhi,Cochin,10:00:00,04:25:00,1105,1.0,In-flight meal not included,10262
Jet Airways,2019-03-01,Banglore,New Delhi,14:05:00,19:10:00,305,1.0,No Info,36235
Goair,2019-05-01,Delhi,Cochin,07:25:00,13:35:00,370,1.0,No Info,5842
Jet Airways,2019-06-01,Delhi,Cochin,13:00:00,19:00:00,360,1.0,No Info,14714
Indigo,2019-04-06,Banglore,Delhi,04:00:00,06:50:00,170,0.0,No Info,4423
Air India,2019-05-01,Kolkata,Banglore,10:00:00,16:15:00,375,1.0,No Info,10203
Spicejet,2019-05-27,Banglore,Delhi,09:30:00,12:20:00,170,0.0,No Info,3625
Vistara,2019-06-03,Chennai,Kolkata,17:45:00,20:05:00,140,0.0,No Info,11982
Jet Airways,2019-03-12,Banglore,New Delhi,05:50:00,12:20:00,390,1.0,No Info,11297
Jet Airways,2019-05-01,Kolkata,Banglore,21:10:00,04:40:00,450,1.0,In-flight meal not included,10844
Vistara,2019-06-27,Banglore,Delhi,09:45:00,12:35:00,170,0.0,No Info,4668
Indigo,2019-05-06,Banglore,Delhi,01:30:00,04:15:00,165,0.0,No Info,4284
Indigo,2019-03-21,Delhi,Cochin,09:10:00,15:30:00,380,1.0,No Info,9709
Indigo,2019-05-21,Chennai,Kolkata,22:05:00,00:25:00,140,0.0,No Info,5277
Multiple Carriers,2019-05-18,Delhi,Cochin,09:00:00,19:15:00,615,1.0,No Info,14533
Jet Airways,2019-06-06,Delhi,Cochin,19:30:00,12:35:00,1025,2.0,In-flight meal not included,11733
Indigo,2019-05-21,Kolkata,Banglore,14:25:00,16:55:00,150,0.0,No Info,5224
Jet Airways,2019-05-01,Kolkata,Banglore,20:00:00,12:00:00,960,1.0,In-flight meal not included,9663
Vistara,2019-06-12,Banglore,Delhi,21:00:00,23:50:00,170,0.0,No Info,4668
Air India,2019-04-01,Kolkata,Banglore,16:45:00,08:55:00,970,2.0,No Info,9920
Jet Airways,2019-05-18,Banglore,Delhi,08:20:00,11:20:00,180,0.0,No Info,7229
Air India,2019-03-24,Kolkata,Banglore,16:50:00,18:30:00,1540,1.0,No Info,14641
Indigo,2019-06-15,Chennai,Kolkata,05:15:00,07:40:00,145,0.0,No Info,3540
Indigo,2019-05-27,Mumbai,Hyderabad,20:05:00,21:40:00,95,0.0,No Info,2227
Air India,2019-03-15,Banglore,New Delhi,10:30:00,21:25:00,655,2.0,No Info,6593
Indigo,2019-04-03,Kolkata,Banglore,06:15:00,10:30:00,255,1.0,No Info,4226
Indigo,2019-04-21,Kolkata,Banglore,14:25:00,16:55:00,150,0.0,No Info,5644
Spicejet,2019-04-03,Mumbai,Hyderabad,13:15:00,14:45:00,90,0.0,No Info,2017
Multiple Carriers,2019-03-09,Delhi,Cochin,00:20:00,07:40:00,440,1.0,In-flight meal not included,13977
Jet Airways,2019-04-01,Kolkata,Banglore,08:25:00,18:15:00,590,1.0,No Info,12681
Spicejet,2019-06-09,Kolkata,Banglore,22:20:00,00:40:00,140,0.0,No check-in baggage included,3841
Jet Airways,2019-06-12,Kolkata,Banglore,20:25:00,10:55:00,870,1.0,No Info,12692
Multiple Carriers,2019-06-06,Delhi,Cochin,18:00:00,01:30:00,450,1.0,No Info,7198
Multiple Carriers,2019-03-09,Delhi,Cochin,15:05:00,01:35:00,630,1.0,In-flight meal not included,14086
Jet Airways,2019-03-06,Mumbai,Hyderabad,14:20:00,16:50:00,1590,2.0,No Info,24115
Jet Airways,2019-06-27,Delhi,Cochin,20:00:00,19:00:00,1380,2.0,No Info,14300
Air India,2019-03-24,Kolkata,Banglore,13:55:00,23:15:00,2000,2.0,No Info,15292
Jet Airways,2019-05-12,Kolkata,Banglore,18:55:00,04:40:00,585,1.0,No Info,14388
Jet Airways,2019-06-15,Delhi,Cochin,19:15:00,19:00:00,1425,1.0,In-flight meal not included,10262
Air India,2019-03-15,Banglore,New Delhi,10:30:00,11:20:00,1490,1.0,No Info,7013
Vistara,2019-04-12,Banglore,Delhi,21:00:00,23:50:00,170,0.0,No Info,5613
Air India,2019-05-01,Kolkata,Banglore,16:50:00,13:45:00,1255,2.0,No Info,16372
Indigo,2019-06-09,Mumbai,Hyderabad,16:55:00,18:25:00,90,0.0,No Info,3175
Air India,2019-06-09,Banglore,Delhi,13:20:00,16:10:00,170,0.0,No Info,6961
Vistara,2019-03-06,Mumbai,Hyderabad,15:40:00,09:25:00,1065,1.0,No Info,12395
Jet Airways,2019-05-21,Kolkata,Banglore,06:30:00,12:00:00,330,1.0,No Info,14388
Spicejet,2019-06-12,Kolkata,Banglore,22:20:00,00:40:00,140,0.0,No check-in baggage included,3841
Air India,2019-03-15,Banglore,New Delhi,11:50:00,19:50:00,480,1.0,No Info,7192
Jet Airways,2019-03-21,Banglore,New Delhi,05:45:00,00:45:00,1140,1.0,In-flight meal not included,7832
Spicejet,2019-06-27,Chennai,Kolkata,17:45:00,20:05:00,140,0.0,No Info,3597
Indigo,2019-05-15,Delhi,Cochin,15:00:00,01:30:00,630,1.0,No Info,7191
Jet Airways,2019-04-03,Banglore,Delhi,08:20:00,11:20:00,180,0.0,No Info,7229
Indigo,2019-03-21,Delhi,Cochin,02:35:00,08:30:00,355,1.0,No Info,8470
Vistara,2019-05-21,Kolkata,Banglore,20:20:00,23:25:00,1625,1.0,No Info,9345
Spicejet,2019-05-03,Chennai,Kolkata,08:20:00,10:35:00,135,0.0,No Info,3597
Indigo,2019-05-12,Kolkata,Banglore,22:15:00,00:50:00,155,0.0,No Info,4804
Multiple Carriers,2019-06-12,Delhi,Cochin,09:45:00,16:10:00,385,1.0,No Info,9646
Air India,2019-05-01,Banglore,Delhi,21:05:00,23:55:00,170,0.0,No Info,6121
Spicejet,2019-04-01,Kolkata,Banglore,09:00:00,11:25:00,145,0.0,No check-in baggage included,3841
Indigo,2019-04-27,Banglore,Delhi,04:00:00,06:50:00,170,0.0,No Info,4423
Spicejet,2019-04-24,Delhi,Cochin,08:45:00,13:15:00,270,1.0,No check-in baggage included,4760
Indigo,2019-05-03,Kolkata,Banglore,20:20:00,22:55:00,155,0.0,No Info,4804
Spicejet,2019-06-12,Delhi,Cochin,17:55:00,22:50:00,295,1.0,No Info,4957
Indigo,2019-05-27,Chennai,Kolkata,07:55:00,10:15:00,140,0.0,No Info,3850
Goair,2019-03-03,Banglore,New Delhi,20:55:00,23:50:00,175,0.0,No Info,6722
Jet Airways,2019-05-12,Kolkata,Banglore,08:25:00,04:40:00,1215,1.0,No Info,13941
Air India,2019-06-06,Kolkata,Banglore,17:30:00,20:25:00,1615,1.0,No Info,10413
Indigo,2019-04-24,Kolkata,Banglore,15:15:00,20:05:00,290,1.0,No Info,4565
Multiple Carriers,2019-05-21,Delhi,Cochin,13:00:00,21:00:00,480,1.0,No Info,7888
Air India,2019-06-06,Kolkata,Banglore,10:00:00,05:25:00,1165,2.0,No Info,13007
Jet Airways,2019-06-06,Kolkata,Banglore,16:30:00,23:35:00,425,1.0,In-flight meal not included,10844
Jet Airways,2019-05-24,Kolkata,Banglore,17:00:00,23:35:00,395,1.0,No Info,14151
Air India,2019-05-21,Delhi,Cochin,17:15:00,19:15:00,1560,2.0,No Info,11972
Spicejet,2019-06-01,Banglore,Delhi,09:30:00,12:20:00,170,0.0,No Info,3971
Indigo,2019-05-15,Delhi,Cochin,06:50:00,22:30:00,940,1.0,No Info,6442
Jet Airways,2019-03-24,Kolkata,Banglore,21:10:00,19:40:00,1350,1.0,In-flight meal not included,10031
Multiple Carriers,2019-06-15,Delhi,Cochin,10:20:00,19:15:00,535,1.0,No Info,9526
Indigo,2019-04-27,Kolkata,Banglore,09:35:00,12:20:00,165,0.0,No Info,4804
Spicejet,2019-05-09,Banglore,Delhi,21:10:00,00:05:00,175,0.0,No Info,4423
Jet Airways,2019-05-18,Kolkata,Banglore,14:05:00,19:50:00,345,1.0,No Info,14781
Spicejet,2019-03-24,Kolkata,Banglore,09:00:00,11:30:00,150,0.0,No check-in baggage included,5201
Jet Airways,2019-06-09,Delhi,Cochin,13:00:00,12:35:00,1415,1.0,In-flight meal not included,10262
Air India,2019-05-18,Delhi,Cochin,08:00:00,19:15:00,675,1.0,No Info,8879
Air India,2019-03-06,Mumbai,Hyderabad,20:15:00,09:15:00,780,1.0,No Info,9535
Air India,2019-05-21,Mumbai,Hyderabad,19:30:00,20:45:00,75,0.0,No Info,3100
Air India,2019-06-09,Kolkata,Banglore,09:25:00,07:55:00,1350,1.0,No Info,8366
Jet Airways,2019-03-06,Banglore,New Delhi,08:55:00,09:00:00,1445,1.0,In-flight meal not included,13712
Indigo,2019-05-27,Delhi,Cochin,04:55:00,21:00:00,965,1.0,No Info,8784
Jet Airways,2019-05-27,Delhi,Cochin,05:30:00,19:00:00,810,2.0,No Info,15129
Vistara,2019-06-15,Banglore,Delhi,09:45:00,12:35:00,170,0.0,No Info,4878
Multiple Carriers,2019-03-27,Delhi,Cochin,09:55:00,21:00:00,665,1.0,No Info,12537
Goair,2019-04-12,Banglore,Delhi,07:45:00,10:40:00,175,0.0,No Info,6722
Jet Airways,2019-06-12,Kolkata,Banglore,17:00:00,18:00:00,1500,1.0,No Info,12692
Jet Airways,2019-03-18,Mumbai,Hyderabad,19:35:00,21:05:00,90,0.0,In-flight meal not included,2071
Indigo,2019-04-06,Kolkata,Banglore,17:15:00,19:50:00,155,0.0,No Info,4174
Spicejet,2019-06-21,Kolkata,Banglore,17:10:00,19:40:00,150,0.0,No Info,3873
Jet Airways,2019-06-01,Banglore,Delhi,06:00:00,08:45:00,165,0.0,No Info,8016
Multiple Carriers,2019-06-24,Delhi,Cochin,09:45:00,16:10:00,385,1.0,No Info,9646
Jet Airways,2019-05-27,Delhi,Cochin,10:00:00,19:00:00,540,1.0,In-flight meal not included,11924
Jet Airways,2019-04-01,Kolkata,Banglore,18:55:00,23:35:00,1720,1.0,No Info,12681
Jet Airways,2019-03-24,Banglore,New Delhi,11:40:00,09:00:00,1280,1.0,In-flight meal not included,8147
Jet Airways,2019-03-18,Mumbai,Hyderabad,02:55:00,04:25:00,90,0.0,In-flight meal not included,2228
Indigo,2019-05-27,Banglore,Delhi,18:25:00,21:20:00,175,0.0,No Info,4823
Air India,2019-05-21,Delhi,Cochin,09:30:00,23:00:00,810,1.0,No Info,8907
Air India,2019-05-27,Delhi,Cochin,13:00:00,19:15:00,375,1.0,No Info,9719
Indigo,2019-06-12,Kolkata,Banglore,17:15:00,19:50:00,155,0.0,No Info,4804
Multiple Carriers,2019-03-06,Delhi,Cochin,11:35:00,21:00:00,565,3.0,No Info,21829
Vistara,2019-04-01,Kolkata,Banglore,17:00:00,09:05:00,965,1.0,No Info,8662
Indigo,2019-03-03,Delhi,Cochin,10:45:00,15:30:00,285,1.0,No Info,7725
Jet Airways,2019-06-12,Delhi,Cochin,11:00:00,14:15:00,195,0.0,No Info,9564
Indigo,2019-06-06,Chennai,Kolkata,13:15:00,15:35:00,140,0.0,No Info,3597
Jet Airways,2019-03-21,Delhi,Cochin,18:25:00,18:50:00,1465,2.0,In-flight meal not included,9270
Multiple Carriers,2019-05-15,Delhi,Cochin,11:30:00,01:30:00,840,1.0,No Info,13727
Air Asia,2019-04-01,Kolkata,Banglore,07:35:00,19:25:00,710,1.0,No Info,5192
Jet Airways,2019-05-18,Delhi,Cochin,19:30:00,12:35:00,1025,2.0,No Info,13014
Goair,2019-05-03,Banglore,Delhi,11:40:00,14:30:00,170,0.0,No Info,3898
Jet Airways,2019-06-12,Delhi,Cochin,21:50:00,12:35:00,885,1.0,In-flight meal not included,10262
Goair,2019-06-27,Banglore,Delhi,11:40:00,14:30:00,170,0.0,No Info,3898
Vistara,2019-06-06,Delhi,Cochin,06:00:00,09:10:00,190,0.0,No Info,6216
Indigo,2019-06-01,Delhi,Cochin,05:35:00,08:50:00,195,0.0,No Info,6541
Indigo,2019-04-12,Kolkata,Banglore,04:40:00,07:15:00,155,0.0,No Info,4174
Jet Airways,2019-05-27,Delhi,Cochin,16:00:00,04:25:00,745,1.0,In-flight meal not included,12898
Jet Airways,2019-04-01,Banglore,Delhi,19:50:00,22:50:00,180,0.0,No Info,7229
Vistara,2019-03-21,Banglore,New Delhi,16:00:00,18:35:00,155,0.0,No Info,5613
Vistara,2019-03-06,Mumbai,Hyderabad,21:55:00,16:45:00,1130,1.0,No Info,12395
Vistara,2019-03-21,Banglore,New Delhi,07:00:00,09:40:00,160,0.0,No Info,5403
Jet Airways,2019-03-24,Kolkata,Banglore,19:45:00,18:10:00,1345,1.0,No Info,13759
Air India,2019-06-12,Kolkata,Banglore,05:50:00,13:15:00,445,2.0,No Info,7662
Indigo,2019-03-21,Delhi,Cochin,04:45:00,13:20:00,515,1.0,No Info,7738
Multiple Carriers,2019-06-03,Delhi,Cochin,09:00:00,21:00:00,720,1.0,No Info,13587
Air Asia,2019-06-06,Banglore,Delhi,23:55:00,02:45:00,170,0.0,No Info,7120
Jet Airways,2019-05-21,Kolkata,Banglore,14:05:00,10:05:00,1200,1.0,In-flight meal not included,9663
Jet Airways,2019-05-01,Kolkata,Banglore,09:35:00,14:25:00,1730,1.0,No Info,11467
Multiple Carriers,2019-05-27,Delhi,Cochin,10:00:00,01:30:00,930,1.0,No Info,9508
Spicejet,2019-04-15,Kolkata,Banglore,22:20:00,00:40:00,140,0.0,No check-in baggage included,3841
Multiple Carriers,2019-06-24,Delhi,Cochin,12:50:00,21:00:00,490,1.0,In-flight meal not included,6007
Indigo,2019-05-21,Kolkata,Banglore,19:20:00,23:45:00,265,1.0,No Info,3574
Jet Airways,2019-03-09,Delhi,Cochin,13:45:00,18:50:00,1745,2.0,No Info,18752
Jet Airways,2019-04-15,Delhi,Cochin,13:00:00,19:00:00,360,1.0,In-flight meal not included,6542
Air India,2019-06-09,Kolkata,Banglore,05:50:00,12:30:00,1840,2.0,No Info,12723
Multiple Carriers,2019-06-24,Delhi,Cochin,08:45:00,19:00:00,615,1.0,No Info,12524
Air Asia,2019-05-15,Banglore,Delhi,23:55:00,02:45:00,170,0.0,No Info,3383
Multiple Carriers,2019-06-12,Delhi,Cochin,06:00:00,19:00:00,780,1.0,No Info,11789
Jet Airways,2019-03-24,Kolkata,Banglore,06:30:00,12:00:00,330,1.0,In-flight meal not included,7826
Multiple Carriers,2019-06-15,Delhi,Cochin,06:00:00,19:15:00,795,1.0,No Info,9526
Air India,2019-03-21,Mumbai,Hyderabad,21:05:00,22:25:00,80,0.0,No Info,2050
Jet Airways,2019-06-18,Mumbai,Hyderabad,19:35:00,21:05:00,90,0.0,No Info,5678
Jet Airways,2019-05-21,Delhi,Cochin,07:05:00,12:35:00,330,1.0,In-flight meal not included,12898
Indigo,2019-03-06,Delhi,Cochin,04:45:00,21:00:00,975,1.0,No Info,13611
Jet Airways,2019-05-01,Kolkata,Banglore,14:05:00,10:05:00,1200,1.0,No Info,13941
Multiple Carriers,2019-03-06,Delhi,Cochin,04:00:00,18:50:00,890,1.0,No Info,13399
Jet Airways,2019-06-06,Kolkata,Banglore,16:30:00,23:35:00,425,1.0,No Info,14571
Air India,2019-05-24,Kolkata,Banglore,07:00:00,20:25:00,805,1.0,No Info,10413
Multiple Carriers,2019-06-01,Delhi,Cochin,07:05:00,19:15:00,730,1.0,In-flight meal not included,12927
Indigo,2019-03-01,Kolkata,Banglore,14:20:00,16:55:00,155,0.0,No Info,6565
Indigo,2019-03-21,Delhi,Cochin,06:40:00,21:00:00,860,1.0,No Info,8784
Multiple Carriers,2019-03-21,Delhi,Cochin,07:30:00,21:00:00,810,1.0,No Info,9845
Jet Airways,2019-05-15,Kolkata,Banglore,10:20:00,17:35:00,435,1.0,In-flight meal not included,5608
Indigo,2019-05-12,Kolkata,Banglore,17:35:00,22:15:00,280,1.0,No Info,6669
Air Asia,2019-04-09,Kolkata,Banglore,06:50:00,10:30:00,220,1.0,No Info,5162
Jet Airways,2019-03-06,Banglore,New Delhi,11:40:00,18:25:00,405,1.0,No Info,19225
Spicejet,2019-04-01,Banglore,Delhi,21:10:00,00:05:00,175,0.0,No Info,3625
Spicejet,2019-03-06,Chennai,Kolkata,09:30:00,12:05:00,155,0.0,No Info,7298
Indigo,2019-03-21,Delhi,Cochin,16:00:00,01:35:00,575,1.0,No Info,9264
Jet Airways,2019-05-01,Kolkata,Banglore,18:55:00,08:15:00,800,1.0,In-flight meal not included,8586
Air India,2019-03-12,Mumbai,Hyderabad,05:55:00,20:35:00,880,1.0,No Info,6901
Air India,2019-05-09,Delhi,Cochin,09:00:00,19:15:00,615,1.0,No Info,8372
Multiple Carriers,2019-06-24,Delhi,Cochin,07:05:00,21:00:00,835,1.0,No Info,13797
Jet Airways,2019-05-21,Kolkata,Banglore,21:10:00,09:20:00,730,1.0,No Info,14781
Indigo,2019-05-27,Kolkata,Banglore,20:20:00,22:55:00,155,0.0,No Info,4804
Air India,2019-03-03,Delhi,Cochin,05:15:00,06:50:00,1535,1.0,No Info,12677
Multiple Carriers,2019-05-27,Delhi,Cochin,06:40:00,19:00:00,740,1.0,No Info,9315
Spicejet,2019-03-03,Banglore,New Delhi,15:35:00,23:40:00,485,1.0,No Info,6315
Air India,2019-05-12,Kolkata,Banglore,10:00:00,23:15:00,795,1.0,No Info,10203
Jet Airways,2019-05-01,Kolkata,Banglore,08:25:00,09:20:00,1495,1.0,No Info,14388
Jet Airways,2019-03-15,Banglore,New Delhi,07:00:00,13:15:00,375,1.0,In-flight meal not included,9134
Vistara,2019-05-24,Kolkata,Banglore,20:20:00,18:50:00,1350,1.0,No Info,9345
Indigo,2019-03-15,Mumbai,Hyderabad,02:30:00,04:00:00,90,0.0,No Info,3342
Multiple Carriers,2019-06-15,Delhi,Cochin,15:05:00,01:30:00,625,2.0,No Info,15965
Jet Airways,2019-03-06,Delhi,Cochin,19:10:00,19:45:00,1475,2.0,No Info,19329
Multiple Carriers,2019-03-21,Delhi,Cochin,07:05:00,15:30:00,505,1.0,No Info,14486
Jet Airways,2019-06-27,Delhi,Cochin,22:50:00,12:35:00,825,1.0,In-flight meal not included,10262
Indigo,2019-05-15,Mumbai,Hyderabad,20:05:00,21:40:00,95,0.0,No Info,2227
Jet Airways,2019-06-27,Delhi,Cochin,23:05:00,12:35:00,810,2.0,No Info,12819
Indigo,2019-04-06,Banglore,Delhi,16:55:00,19:55:00,180,0.0,No Info,4823
Indigo,2019-04-27,Kolkata,Banglore,04:40:00,07:15:00,155,0.0,No Info,4804
Air India,2019-05-27,Delhi,Cochin,05:15:00,19:15:00,2280,3.0,No Info,10493
Jet Airways,2019-06-06,Delhi,Cochin,16:00:00,19:00:00,1620,1.0,No Info,14714
Jet Airways,2019-05-27,Delhi,Cochin,18:15:00,12:35:00,1100,1.0,In-flight meal not included,12898
Jet Airways,2019-05-09,Delhi,Cochin,22:50:00,19:00:00,1210,1.0,In-flight meal not included,12373
Spicejet,2019-05-06,Chennai,Kolkata,08:20:00,10:35:00,135,0.0,No Info,3911
Air Asia,2019-06-03,Kolkata,Banglore,22:50:00,01:20:00,150,0.0,No Info,4409
Spicejet,2019-06-03,Mumbai,Hyderabad,13:15:00,14:45:00,90,0.0,No Info,2017
Jet Airways,2019-03-21,Banglore,New Delhi,08:55:00,20:20:00,685,1.0,In-flight meal not included,7832
Air India,2019-03-06,Mumbai,Hyderabad,17:20:00,14:50:00,150,2.0,No Info,11972
Multiple Carriers,2019-06-01,Delhi,Cochin,09:15:00,19:00:00,585,1.0,No Info,12042
Indigo,2019-06-01,Delhi,Cochin,06:50:00,16:10:00,560,1.0,No Info,6442
Jet Airways,2019-03-18,Banglore,New Delhi,05:45:00,12:25:00,400,1.0,No Info,12284
Multiple Carriers,2019-06-15,Delhi,Cochin,08:45:00,19:00:00,615,1.0,No Info,11789
Indigo,2019-05-03,Banglore,Delhi,23:30:00,02:20:00,170,0.0,No Info,4591
Spicejet,2019-04-01,Mumbai,Hyderabad,05:45:00,07:15:00,90,0.0,No check-in baggage included,1965
Jet Airways,2019-05-12,Kolkata,Banglore,17:00:00,21:05:00,1685,1.0,In-flight meal not included,10703
Jet Airways,2019-05-09,Banglore,Delhi,08:20:00,11:20:00,180,0.0,No Info,7229
Indigo,2019-04-12,Banglore,Delhi,16:55:00,19:55:00,180,0.0,No Info,4990
Jet Airways,2019-04-01,Banglore,Delhi,18:55:00,22:00:00,185,0.0,No Info,7229
Jet Airways,2019-03-15,Banglore,New Delhi,21:25:00,05:05:00,460,1.0,No Info,27210
Jet Airways,2019-06-12,Delhi,Cochin,22:50:00,19:00:00,1210,1.0,In-flight meal not included,10262
Jet Airways,2019-06-24,Banglore,Delhi,07:10:00,10:10:00,180,0.0,In-flight meal not included,5769
Indigo,2019-05-15,Chennai,Kolkata,05:15:00,07:40:00,145,0.0,No Info,3540
Jet Airways,2019-03-06,Banglore,New Delhi,21:25:00,10:25:00,780,1.0,No Info,17261
Indigo,2019-05-21,Delhi,Cochin,15:00:00,01:30:00,630,1.0,No Info,6896
Jet Airways,2019-05-06,Kolkata,Banglore,17:00:00,22:05:00,1745,1.0,No Info,11467
Air India,2019-05-18,Mumbai,Hyderabad,06:20:00,07:40:00,80,0.0,No Info,3100
Jet Airways,2019-06-18,Delhi,Cochin,09:50:00,13:05:00,195,0.0,In-flight meal not included,4466
Jet Airways,2019-04-01,Kolkata,Banglore,08:25:00,18:15:00,590,1.0,In-flight meal not included,7064
Air Asia,2019-04-12,Banglore,Delhi,04:55:00,07:45:00,170,0.0,No Info,4282
Jet Airways,2019-06-09,Delhi,Cochin,14:00:00,12:35:00,1355,1.0,In-flight meal not included,10262
Air India,2019-05-15,Delhi,Cochin,20:30:00,08:15:00,705,1.0,No Info,10671
Indigo,2019-05-18,Delhi,Cochin,09:15:00,01:30:00,975,1.0,No Info,7503
Air India,2019-05-21,Kolkata,Banglore,09:25:00,07:55:00,1350,1.0,No Info,8891
Jet Airways,2019-06-24,Banglore,Delhi,18:55:00,22:00:00,185,0.0,In-flight meal not included,6478
Air India,2019-03-21,Delhi,Cochin,17:15:00,19:15:00,1560,2.0,No Info,8245
Jet Airways,2019-05-01,Kolkata,Banglore,14:05:00,12:00:00,1315,1.0,No Info,14388
Jet Airways,2019-06-24,Delhi,Cochin,08:00:00,19:00:00,660,1.0,1 Long layover,18581
Spicejet,2019-05-03,Kolkata,Banglore,09:00:00,11:25:00,145,0.0,No Info,3873
Indigo,2019-06-24,Banglore,Delhi,18:15:00,21:20:00,185,0.0,No Info,4823
Spicejet,2019-06-15,Banglore,Delhi,21:10:00,00:05:00,175,0.0,No Info,3971
Indigo,2019-06-21,Chennai,Kolkata,13:15:00,15:35:00,140,0.0,No Info,3597
Jet Airways,2019-05-09,Delhi,Cochin,09:40:00,19:00:00,560,2.0,In-flight meal not included,13029
Jet Airways,2019-06-01,Delhi,Cochin,08:00:00,04:25:00,1225,1.0,In-flight meal not included,10262
Indigo,2019-06-15,Delhi,Cochin,06:40:00,21:00:00,860,1.0,No Info,6093
Jet Airways,2019-03-03,Banglore,New Delhi,08:00:00,07:40:00,1420,1.0,In-flight meal not included,13502
Indigo,2019-05-09,Kolkata,Banglore,17:15:00,19:50:00,155,0.0,No Info,4804
Air India,2019-06-12,Kolkata,Banglore,12:00:00,21:50:00,590,2.0,No Info,9416
Jet Airways,2019-05-21,Kolkata,Banglore,18:55:00,08:15:00,800,1.0,No Info,14388
Air India,2019-05-15,Delhi,Cochin,13:00:00,19:15:00,375,1.0,No Info,8372
Indigo,2019-06-03,Delhi,Cochin,14:25:00,17:40:00,195,0.0,No Info,6015
Jet Airways,2019-06-12,Kolkata,Banglore,20:25:00,18:00:00,1295,1.0,No Info,12692
Multiple Carriers,2019-06-01,Delhi,Cochin,18:00:00,01:30:00,450,1.0,No Info,7933
Multiple Carriers,2019-05-24,Delhi,Cochin,17:45:00,01:30:00,465,1.0,No Info,9140
Air India,2019-05-12,Kolkata,Banglore,12:00:00,21:50:00,590,2.0,No Info,10676
Indigo,2019-05-15,Chennai,Kolkata,14:45:00,17:05:00,140,0.0,No Info,3597
Multiple Carriers,2019-05-15,Delhi,Cochin,07:00:00,21:00:00,840,1.0,No Info,8073
Multiple Carriers,2019-06-15,Delhi,Cochin,18:15:00,01:30:00,435,1.0,No Info,13377
Multiple Carriers,2019-03-03,Delhi,Cochin,11:35:00,21:00:00,565,3.0,No Info,21829
Spicejet,2019-05-24,Banglore,Delhi,21:10:00,00:05:00,175,0.0,No Info,3971
Indigo,2019-06-21,Kolkata,Banglore,14:25:00,16:55:00,150,0.0,No Info,5224
Jet Airways,2019-03-21,Banglore,New Delhi,20:35:00,07:40:00,665,1.0,In-flight meal not included,7832
Indigo,2019-05-21,Kolkata,Banglore,16:35:00,22:15:00,340,1.0,No Info,5268
Air India,2019-03-27,Delhi,Cochin,05:55:00,07:40:00,1545,2.0,No Info,8971
Jet Airways,2019-06-06,Kolkata,Banglore,21:10:00,04:40:00,450,1.0,No Info,13374
Vistara,2019-06-06,Kolkata,Banglore,17:00:00,10:45:00,1065,1.0,No Info,9187
Multiple Carriers,2019-06-12,Delhi,Cochin,09:15:00,19:00:00,585,1.0,No Info,11622
Jet Airways,2019-05-24,Banglore,Delhi,19:50:00,22:50:00,180,0.0,In-flight meal not included,6144
Jet Airways,2019-06-27,Delhi,Cochin,06:45:00,12:35:00,1790,2.0,In-flight meal not included,10919
Multiple Carriers,2019-06-24,Delhi,Cochin,08:45:00,19:15:00,630,1.0,No Info,9001
Air India,2019-05-15,Delhi,Cochin,07:05:00,09:25:00,1580,2.0,No Info,10975
Air India,2019-05-01,Kolkata,Banglore,09:25:00,07:55:00,1350,1.0,No Info,8366
Jet Airways,2019-06-06,Kolkata,Banglore,20:25:00,09:45:00,800,1.0,In-flight meal not included,10539
Jet Airways,2019-06-12,Delhi,Cochin,21:50:00,04:25:00,395,1.0,No Info,14714
Vistara,2019-03-03,Banglore,New Delhi,11:30:00,14:10:00,160,0.0,No Info,8028
Jet Airways,2019-05-18,Kolkata,Banglore,16:30:00,08:15:00,945,1.0,In-flight meal not included,8586
Jet Airways,2019-06-15,Banglore,Delhi,11:10:00,14:05:00,175,0.0,In-flight meal not included,7229
Jet Airways,2019-03-09,Delhi,Cochin,20:50:00,18:50:00,1320,1.0,No Info,16289
Vistara,2019-06-27,Chennai,Kolkata,07:05:00,09:20:00,135,0.0,No Info,3687
Vistara,2019-04-01,Kolkata,Banglore,07:10:00,22:55:00,945,1.0,No Info,8295
Indigo,2019-05-24,Kolkata,Banglore,06:20:00,10:20:00,240,1.0,No Info,4226
Jet Airways,2019-05-01,Banglore,Delhi,17:45:00,20:45:00,180,0.0,No Info,7229
Multiple Carriers,2019-05-18,Delhi,Cochin,07:00:00,21:00:00,840,1.0,No Info,8073
Air India,2019-05-09,Kolkata,Banglore,10:00:00,23:15:00,795,1.0,No Info,10203
Air India,2019-05-09,Delhi,Cochin,07:05:00,09:25:00,1580,2.0,No Info,9347
Spicejet,2019-05-27,Delhi,Cochin,17:55:00,22:50:00,295,1.0,No Info,5673
Jet Airways,2019-05-27,Delhi,Cochin,19:10:00,12:35:00,1045,2.0,No Info,15129
Jet Airways,2019-04-09,Delhi,Cochin,09:40:00,04:25:00,1125,2.0,No Info,10909
Indigo,2019-05-03,Kolkata,Banglore,14:25:00,16:55:00,150,0.0,No Info,5224
Indigo,2019-04-24,Delhi,Cochin,05:35:00,08:50:00,195,0.0,No Info,5013
Air India,2019-06-01,Mumbai,Hyderabad,19:30:00,20:45:00,75,0.0,No Info,3100
Indigo,2019-06-24,Delhi,Cochin,08:30:00,21:00:00,750,1.0,No Info,6093
Jet Airways,2019-05-12,Kolkata,Banglore,14:05:00,20:45:00,400,1.0,No Info,14781
Jet Airways,2019-04-01,Kolkata,Banglore,21:10:00,04:40:00,450,1.0,No Info,13364
Indigo,2019-06-15,Chennai,Kolkata,07:55:00,10:15:00,140,0.0,No Info,3850
Multiple Carriers,2019-06-15,Delhi,Cochin,16:00:00,01:30:00,570,1.0,In-flight meal not included,10196
Multiple Carriers,2019-05-27,Delhi,Cochin,14:00:00,01:30:00,690,1.0,In-flight meal not included,6943
Indigo,2019-06-24,Banglore,Delhi,01:30:00,04:15:00,165,0.0,No Info,3943
Jet Airways,2019-05-06,Kolkata,Banglore,20:25:00,09:45:00,800,1.0,In-flight meal not included,8066
Indigo,2019-03-09,Delhi,Cochin,04:45:00,21:00:00,975,1.0,No Info,10518
Vistara,2019-05-09,Banglore,Delhi,17:00:00,19:35:00,155,0.0,No Info,4878
Goair,2019-06-01,Delhi,Cochin,07:00:00,12:55:00,355,1.0,No Info,5457
Jet Airways,2019-05-24,Kolkata,Banglore,06:30:00,16:20:00,590,1.0,No Info,14571
Jet Airways,2019-03-06,Mumbai,Hyderabad,14:00:00,16:50:00,1610,1.0,No Info,19595
Jet Airways,2019-05-27,Delhi,Cochin,09:35:00,12:35:00,1620,2.0,No Info,14657
Jet Airways,2019-03-01,Banglore,New Delhi,22:50:00,07:40:00,530,1.0,No Info,26890
Jet Airways,2019-04-12,Banglore,Delhi,11:10:00,14:05:00,175,0.0,No Info,7229
Air India,2019-04-06,Kolkata,Banglore,19:00:00,11:05:00,965,1.0,No Info,4437
Indigo,2019-05-06,Mumbai,Hyderabad,06:25:00,07:55:00,90,0.0,No Info,4049
Goair,2019-05-15,Delhi,Cochin,14:25:00,19:35:00,310,1.0,No Info,10188
Jet Airways,2019-06-06,Kolkata,Banglore,20:25:00,23:35:00,1630,1.0,No Info,14151
Vistara,2019-04-01,Kolkata,Banglore,17:00:00,22:55:00,355,1.0,No Info,8977
Jet Airways,2019-03-03,Delhi,Cochin,09:00:00,18:50:00,590,1.0,In-flight meal not included,15400
Indigo,2019-06-03,Delhi,Cochin,21:50:00,03:35:00,345,1.0,No Info,7189
Multiple Carriers,2019-05-21,Delhi,Cochin,06:00:00,21:00:00,900,1.0,No Info,7485
Jet Airways,2019-03-03,Delhi,Cochin,20:50:00,04:25:00,455,1.0,No Info,17234
Air India,2019-05-12,Kolkata,Banglore,09:25:00,21:50:00,745,1.0,No Info,8891
Air India,2019-06-24,Mumbai,Hyderabad,21:05:00,22:25:00,80,0.0,No Info,3100
Multiple Carriers,2019-03-03,Delhi,Cochin,07:00:00,21:00:00,840,1.0,No Info,15603
Jet Airways,2019-05-09,Delhi,Cochin,10:00:00,19:00:00,540,1.0,No Info,15554
Indigo,2019-03-09,Delhi,Cochin,20:30:00,01:35:00,305,1.0,No Info,6937
Multiple Carriers,2019-03-09,Delhi,Cochin,08:40:00,21:00:00,740,1.0,No Info,18228
Multiple Carriers,2019-05-27,Delhi,Cochin,08:00:00,21:00:00,780,1.0,No Info,7618
Indigo,2019-04-18,Banglore,Delhi,22:10:00,01:00:00,170,0.0,No Info,4591
Vistara,2019-04-12,Banglore,Delhi,07:00:00,09:40:00,160,0.0,No Info,5403
Jet Airways,2019-04-06,Delhi,Cochin,11:30:00,19:00:00,450,1.0,In-flight meal not included,5177
Jet Airways,2019-06-09,Delhi,Cochin,18:15:00,12:35:00,1100,1.0,In-flight meal not included,10577
Jet Airways,2019-06-09,Kolkata,Banglore,20:00:00,12:00:00,960,1.0,In-flight meal not included,10844
Jet Airways,2019-05-18,Mumbai,Hyderabad,02:55:00,04:20:00,85,0.0,No Info,5678
Vistara,2019-05-27,Chennai,Kolkata,17:45:00,20:05:00,140,0.0,No Info,11982
Indigo,2019-06-24,Delhi,Cochin,16:10:00,22:30:00,380,1.0,No Info,6412
Jet Airways,2019-03-21,Delhi,Cochin,22:50:00,04:25:00,335,1.0,No Info,12242
Indigo,2019-06-27,Chennai,Kolkata,13:15:00,15:35:00,140,0.0,No Info,3597
Spicejet,2019-05-03,Kolkata,Banglore,22:20:00,00:40:00,140,0.0,No Info,3873
Jet Airways,2019-05-01,Kolkata,Banglore,20:00:00,08:15:00,735,1.0,No Info,13941
Jet Airways,2019-05-18,Kolkata,Banglore,17:00:00,14:25:00,1285,1.0,No Info,13067
Multiple Carriers,2019-03-21,Delhi,Cochin,14:00:00,01:35:00,695,1.0,No Info,13542
Vistara,2019-06-27,Banglore,Delhi,21:00:00,23:50:00,170,0.0,No Info,4878
Air India,2019-05-24,Kolkata,Banglore,07:00:00,01:20:00,1100,2.0,No Info,13873
Indigo,2019-04-12,Banglore,Delhi,18:55:00,21:50:00,175,0.0,No Info,5780
Indigo,2019-03-03,Chennai,Kolkata,14:40:00,17:05:00,145,0.0,No Info,7295
Indigo,2019-04-21,Delhi,Cochin,06:50:00,12:10:00,320,1.0,No Info,6968
Vistara,2019-03-06,Mumbai,Hyderabad,15:40:00,16:45:00,1505,1.0,No Info,12395
Multiple Carriers,2019-06-09,Delhi,Cochin,08:00:00,19:00:00,660,1.0,No Info,12192
Jet Airways,2019-03-06,Banglore,New Delhi,05:45:00,10:25:00,280,1.0,No Info,19225
Indigo,2019-05-15,Kolkata,Banglore,07:10:00,12:40:00,330,1.0,No Info,4864
Goair,2019-03-24,Banglore,New Delhi,20:55:00,23:50:00,175,0.0,No Info,5706
Spicejet,2019-05-03,Banglore,Delhi,21:10:00,00:05:00,175,0.0,No Info,4991
Jet Airways,2019-06-12,Kolkata,Banglore,06:30:00,18:15:00,705,1.0,No Info,13626
Jet Airways,2019-03-27,Delhi,Cochin,20:50:00,19:45:00,1375,1.0,No Info,12032
Spicejet,2019-05-18,Delhi,Cochin,17:55:00,22:50:00,295,1.0,No Info,5975
Multiple Carriers,2019-03-03,Delhi,Cochin,15:25:00,01:35:00,610,1.0,No Info,15147
Indigo,2019-04-27,Kolkata,Banglore,20:20:00,22:55:00,155,0.0,No Info,4804
Indigo,2019-03-06,Delhi,Cochin,08:25:00,21:00:00,755,1.0,No Info,14871
Air India,2019-05-06,Kolkata,Banglore,09:10:00,04:40:00,1170,2.0,No Info,6117
Multiple Carriers,2019-06-12,Delhi,Cochin,13:05:00,22:30:00,565,1.0,No Info,9646
Indigo,2019-06-06,Delhi,Cochin,16:00:00,01:30:00,570,1.0,No Info,6316
Multiple Carriers,2019-06-12,Delhi,Cochin,13:00:00,21:00:00,480,1.0,No Info,7408
Air Asia,2019-05-06,Banglore,Delhi,23:55:00,02:45:00,170,0.0,No Info,3383
Jet Airways,2019-06-18,Banglore,Delhi,15:50:00,18:45:00,175,0.0,No Info,8016
Indigo,2019-03-21,Delhi,Cochin,10:45:00,15:30:00,285,1.0,No Info,6218
Indigo,2019-04-06,Banglore,Delhi,13:00:00,15:50:00,170,0.0,No Info,4423
Indigo,2019-03-27,Chennai,Kolkata,22:05:00,00:25:00,140,0.0,No Info,5277
Jet Airways,2019-06-03,Delhi,Cochin,14:00:00,04:25:00,865,1.0,In-flight meal not included,10262
Indigo,2019-04-03,Banglore,Delhi,00:30:00,03:25:00,175,0.0,No Info,3419
Spicejet,2019-03-03,Kolkata,Banglore,06:55:00,09:35:00,160,0.0,No Info,4622
Jet Airways,2019-05-09,Kolkata,Banglore,20:25:00,18:00:00,1295,1.0,No Info,11467
Goair,2019-04-27,Delhi,Cochin,10:35:00,19:35:00,540,1.0,No Info,6922
Jet Airways,2019-05-18,Delhi,Cochin,11:30:00,04:25:00,1015,1.0,In-flight meal not included,12373
Goair,2019-03-24,Kolkata,Banglore,16:25:00,00:05:00,460,1.0,No Info,10198
Jet Airways,2019-06-15,Delhi,Cochin,11:45:00,12:35:00,1490,2.0,No Info,13882
Air India,2019-03-18,Banglore,New Delhi,06:45:00,16:20:00,575,2.0,No Info,12935
Spicejet,2019-05-24,Mumbai,Hyderabad,22:45:00,00:15:00,90,0.0,No check-in baggage included,1965
Air India,2019-03-21,Delhi,Cochin,06:50:00,19:15:00,2185,2.0,No Info,10756
Air India,2019-06-12,Mumbai,Hyderabad,21:05:00,22:25:00,80,0.0,No Info,3100
Multiple Carriers,2019-05-27,Delhi,Cochin,11:40:00,19:15:00,455,1.0,No Info,9316
Goair,2019-05-18,Banglore,Delhi,11:40:00,14:30:00,170,0.0,No Info,4340
Jet Airways,2019-06-15,Delhi,Cochin,20:00:00,12:35:00,995,2.0,No Info,14300
Jet Airways,2019-06-27,Delhi,Cochin,10:00:00,19:00:00,540,1.0,In-flight meal not included,10262
Air Asia,2019-05-12,Kolkata,Banglore,19:55:00,22:25:00,150,0.0,No Info,5530
Multiple Carriers,2019-06-03,Delhi,Cochin,07:30:00,19:15:00,705,1.0,No Info,7354
Goair,2019-04-21,Banglore,Delhi,07:45:00,10:40:00,175,0.0,No Info,4632
Indigo,2019-05-18,Delhi,Cochin,06:40:00,21:00:00,860,1.0,No Info,6758
Multiple Carriers,2019-06-27,Delhi,Cochin,06:40:00,19:15:00,755,1.0,No Info,7354
Multiple Carriers,2019-06-03,Delhi,Cochin,11:40:00,01:30:00,830,1.0,No Info,7530
Air Asia,2019-05-09,Banglore,Delhi,11:10:00,13:55:00,165,0.0,No Info,3383
Multiple Carriers,2019-06-06,Delhi,Cochin,08:00:00,19:15:00,675,1.0,No Info,14848
Jet Airways,2019-03-01,Banglore,New Delhi,11:40:00,09:00:00,1280,1.0,No Info,20800
Jet Airways,2019-06-15,Delhi,Cochin,11:00:00,14:15:00,195,0.0,No Info,9564
Indigo,2019-05-15,Kolkata,Banglore,17:15:00,19:50:00,155,0.0,No Info,4804
Jet Airways,2019-05-21,Delhi,Cochin,09:00:00,19:00:00,600,1.0,No Info,16079
Spicejet,2019-04-09,Banglore,Delhi,09:30:00,12:20:00,170,0.0,No Info,4423
Indigo,2019-03-06,Delhi,Cochin,16:00:00,01:35:00,575,1.0,No Info,14871
Jet Airways,2019-03-06,Delhi,Cochin,19:10:00,04:25:00,1995,2.0,In-flight meal not included,16022
Jet Airways,2019-06-09,Delhi,Cochin,22:50:00,19:00:00,1210,1.0,In-flight meal not included,10262
Indigo,2019-03-21,Banglore,New Delhi,00:40:00,03:25:00,165,0.0,No Info,4944
Indigo,2019-06-09,Banglore,Delhi,23:30:00,02:20:00,170,0.0,No Info,4591
Air India,2019-05-15,Kolkata,Banglore,09:25:00,17:20:00,1915,2.0,No Info,13616
Spicejet,2019-03-27,Delhi,Cochin,15:55:00,21:55:00,360,1.0,No Info,5111
Air India,2019-05-09,Delhi,Cochin,12:55:00,19:15:00,1820,2.0,No Info,11596
Air India,2019-05-24,Delhi,Cochin,07:00:00,19:15:00,735,1.0,No Info,9929
Vistara,2019-05-12,Kolkata,Banglore,17:00:00,09:05:00,965,1.0,No Info,9922
Spicejet,2019-03-21,Kolkata,Banglore,09:00:00,11:30:00,150,0.0,No check-in baggage included,3815
Indigo,2019-06-18,Chennai,Kolkata,05:15:00,07:40:00,145,0.0,No Info,3540
Air India,2019-03-21,Delhi,Cochin,08:00:00,19:15:00,675,1.0,No Info,7199
Jet Airways,2019-03-01,Banglore,New Delhi,14:05:00,11:25:00,1280,1.0,No Info,20800
Goair,2019-06-15,Banglore,Delhi,07:45:00,10:40:00,175,0.0,No Info,3898
Air India,2019-06-12,Delhi,Cochin,07:10:00,19:15:00,725,2.0,No Info,12488
Jet Airways,2019-06-12,Kolkata,Banglore,09:35:00,19:10:00,575,1.0,No Info,12692
Jet Airways,2019-05-12,Kolkata,Banglore,21:10:00,12:00:00,890,1.0,In-flight meal not included,9663
Multiple Carriers,2019-03-21,Delhi,Cochin,07:30:00,18:50:00,680,1.0,No Info,14629
Air India,2019-03-01,Banglore,New Delhi,09:30:00,23:45:00,855,1.0,No Info,12704
Indigo,2019-04-01,Delhi,Cochin,07:35:00,12:10:00,275,1.0,No Info,5073
Multiple Carriers,2019-03-27,Delhi,Cochin,09:10:00,19:15:00,605,1.0,No Info,10667
Jet Airways,2019-03-21,Banglore,New Delhi,22:50:00,07:40:00,530,1.0,In-flight meal not included,7045
Air India,2019-03-03,Banglore,New Delhi,10:30:00,11:20:00,1490,1.0,No Info,11003
Jet Airways,2019-06-12,Delhi,Cochin,20:00:00,19:00:00,1380,2.0,No Info,14300
Air India,2019-05-24,Kolkata,Banglore,05:50:00,20:25:00,875,2.0,No Info,11201
Air India,2019-03-06,Mumbai,Hyderabad,09:40:00,15:15:00,1775,2.0,No Info,25139
Air India,2019-03-27,Delhi,Cochin,10:00:00,19:15:00,555,1.0,No Info,6902
Indigo,2019-05-18,Delhi,Cochin,11:55:00,22:30:00,635,1.0,No Info,8216
Indigo,2019-05-01,Delhi,Cochin,07:30:00,21:00:00,810,1.0,No Info,8542
Jet Airways,2019-05-21,Delhi,Cochin,07:05:00,04:25:00,1280,1.0,In-flight meal not included,12898
Air India,2019-05-12,Kolkata,Banglore,12:00:00,23:15:00,2115,3.0,No Info,10991
Jet Airways,2019-03-18,Banglore,New Delhi,18:40:00,07:40:00,780,1.0,No Info,12284
Air India,2019-05-03,Chennai,Kolkata,11:40:00,13:55:00,135,0.0,No Info,4667
Indigo,2019-03-03,Chennai,Kolkata,19:35:00,21:55:00,140,0.0,No Info,7295
Multiple Carriers,2019-05-15,Delhi,Cochin,06:00:00,21:00:00,900,1.0,No Info,7670
Jet Airways,2019-05-21,Kolkata,Banglore,14:05:00,04:40:00,875,1.0,No Info,14388
Jet Airways,2019-06-15,Delhi,Cochin,05:30:00,19:00:00,810,2.0,No Info,13292
Jet Airways,2019-05-09,Delhi,Cochin,19:30:00,12:35:00,1025,2.0,In-flight meal not included,13029
Multiple Carriers,2019-03-06,Delhi,Cochin,09:45:00,22:20:00,755,1.0,No Info,10276
Jet Airways,2019-05-24,Kolkata,Banglore,16:30:00,18:15:00,1545,1.0,In-flight meal not included,10844
Air India,2019-06-09,Kolkata,Banglore,09:50:00,21:05:00,675,1.0,No Info,7662
Jet Airways,2019-05-21,Kolkata,Banglore,09:35:00,23:35:00,840,1.0,No Info,14151
Jet Airways,2019-05-12,Kolkata,Banglore,18:55:00,08:15:00,800,1.0,In-flight meal not included,9663
Indigo,2019-05-06,Chennai,Kolkata,07:55:00,10:15:00,140,0.0,No Info,3850
Indigo,2019-04-21,Banglore,Delhi,18:55:00,21:50:00,175,0.0,No Info,4823
Vistara,2019-05-09,Kolkata,Banglore,07:10:00,18:50:00,700,1.0,No Info,8610
Indigo,2019-04-01,Kolkata,Banglore,09:35:00,12:20:00,165,0.0,No Info,4174
Indigo,2019-04-06,Banglore,Delhi,10:30:00,13:20:00,170,0.0,No Info,4423
Multiple Carriers,2019-03-21,Delhi,Cochin,09:45:00,16:10:00,385,1.0,No Info,7242
Spicejet,2019-04-24,Kolkata,Banglore,22:20:00,00:40:00,140,0.0,No check-in baggage included,3841
Indigo,2019-03-06,Chennai,Kolkata,22:05:00,00:25:00,140,0.0,No Info,5277
Spicejet,2019-03-09,Mumbai,Hyderabad,08:50:00,10:15:00,85,0.0,No Info,5755
Spicejet,2019-06-09,Banglore,Delhi,09:30:00,12:20:00,170,0.0,No Info,4423
Spicejet,2019-06-21,Kolkata,Banglore,06:55:00,09:30:00,155,0.0,No check-in baggage included,3841
Jet Airways,2019-05-15,Kolkata,Banglore,17:00:00,14:25:00,1285,1.0,No Info,11467
Multiple Carriers,2019-06-27,Delhi,Cochin,09:15:00,19:15:00,600,1.0,No Info,8099
Jet Airways,2019-05-21,Kolkata,Banglore,06:30:00,19:50:00,800,1.0,No Info,14781
Spicejet,2019-03-15,Kolkata,Banglore,17:15:00,19:45:00,150,0.0,No check-in baggage included,3815
Indigo,2019-06-12,Delhi,Cochin,07:35:00,22:30:00,895,1.0,No Info,6442
Jet Airways,2019-06-27,Delhi,Cochin,14:35:00,12:35:00,1320,2.0,In-flight meal not included,10919
Air India,2019-04-09,Banglore,Delhi,21:05:00,23:55:00,170,0.0,No Info,4441
Spicejet,2019-06-09,Kolkata,Banglore,17:10:00,19:40:00,150,0.0,No Info,4174
Jet Airways,2019-03-18,Banglore,New Delhi,22:50:00,09:30:00,640,1.0,In-flight meal not included,11087
Multiple Carriers,2019-06-09,Delhi,Cochin,13:00:00,01:30:00,750,1.0,No Info,7198
Spicejet,2019-03-24,Mumbai,Hyderabad,05:45:00,07:05:00,80,0.0,No check-in baggage included,2175
Air Asia,2019-05-01,Kolkata,Banglore,22:40:00,10:40:00,720,1.0,No Info,5192
Jet Airways,2019-06-06,Delhi,Cochin,13:00:00,04:25:00,925,1.0,In-flight meal not included,10262
Jet Airways,2019-03-21,Banglore,New Delhi,21:25:00,11:25:00,840,1.0,In-flight meal not included,7832
Indigo,2019-06-01,Mumbai,Hyderabad,02:35:00,04:05:00,90,0.0,No Info,3175
Jet Airways,2019-03-24,Kolkata,Banglore,16:55:00,04:45:00,710,1.0,No Info,14231
Air India,2019-03-15,Banglore,New Delhi,11:50:00,13:00:00,1510,1.0,No Info,8032
Vistara,2019-05-18,Kolkata,Banglore,07:10:00,23:25:00,975,1.0,No Info,9345
Air India,2019-05-15,Kolkata,Banglore,09:25:00,18:20:00,535,2.0,No Info,8366
Jet Airways,2019-05-24,Kolkata,Banglore,20:00:00,18:15:00,1335,1.0,In-flight meal not included,10844
Air India,2019-03-15,Banglore,New Delhi,11:50:00,11:35:00,1425,1.0,No Info,6982
Indigo,2019-06-15,Banglore,Delhi,18:25:00,21:20:00,175,0.0,No Info,4823
Vistara,2019-04-09,Banglore,Delhi,11:30:00,14:20:00,170,0.0,No Info,5403
Multiple Carriers,2019-05-18,Delhi,Cochin,14:55:00,22:30:00,455,1.0,No Info,7740
Multiple Carriers,2019-05-15,Delhi,Cochin,07:10:00,16:10:00,540,1.0,No Info,6513
Jet Airways,2019-04-01,Kolkata,Banglore,20:00:00,16:20:00,1220,1.0,No Info,12681
Jet Airways,2019-06-09,Banglore,Delhi,15:15:00,18:10:00,175,0.0,No Info,8016
Jet Airways,2019-05-18,Delhi,Cochin,13:00:00,12:35:00,1415,1.0,In-flight meal not included,12373
Jet Airways,2019-05-15,Kolkata,Banglore,09:35:00,21:05:00,690,1.0,In-flight meal not included,10703
Spicejet,2019-04-01,Banglore,Delhi,09:30:00,12:20:00,170,0.0,No check-in baggage included,3919
Indigo,2019-05-15,Banglore,Delhi,07:10:00,10:05:00,175,0.0,No Info,4823
Air Asia,2019-04-09,Kolkata,Banglore,19:55:00,22:25:00,150,0.0,No Info,4107
Indigo,2019-06-01,Chennai,Kolkata,07:55:00,10:15:00,140,0.0,No Info,3850
Spicejet,2019-06-09,Mumbai,Hyderabad,05:45:00,07:15:00,90,0.0,No Info,2753
Multiple Carriers,2019-06-01,Delhi,Cochin,10:35:00,19:00:00,505,1.0,No Info,11200
Jet Airways,2019-05-09,Kolkata,Banglore,09:35:00,14:25:00,1730,1.0,In-flight meal not included,9314
Multiple Carriers,2019-06-06,Delhi,Cochin,07:05:00,21:00:00,835,1.0,No Info,13587
Jet Airways,2019-06-09,Kolkata,Banglore,18:55:00,04:40:00,585,1.0,In-flight meal not included,9663
Air India,2019-03-01,Delhi,Cochin,04:00:00,07:40:00,1660,1.0,No Info,28322
Air India,2019-05-09,Delhi,Cochin,09:45:00,23:00:00,795,1.0,No Info,7174
Air India,2019-05-21,Kolkata,Banglore,09:50:00,08:55:00,1385,2.0,No Info,14960
Jet Airways,2019-06-06,Delhi,Cochin,13:00:00,19:00:00,360,1.0,In-flight meal not included,10262
Jet Airways,2019-04-15,Delhi,Cochin,11:30:00,19:00:00,450,1.0,In-flight meal not included,6542
Spicejet,2019-05-27,Kolkata,Banglore,06:55:00,09:30:00,155,0.0,No Info,3873
Jet Airways,2019-04-09,Delhi,Cochin,22:50:00,12:35:00,825,1.0,No Info,11822
Jet Airways,2019-05-06,Kolkata,Banglore,08:25:00,19:50:00,685,1.0,No Info,14781
Jet Airways,2019-06-12,Banglore,Delhi,17:45:00,20:45:00,180,0.0,In-flight meal not included,5769
Spicejet,2019-04-15,Banglore,Delhi,09:30:00,12:20:00,170,0.0,No Info,4423
Vistara,2019-05-09,Kolkata,Banglore,07:10:00,20:20:00,790,1.0,No Info,8610
Goair,2019-04-12,Banglore,Delhi,20:55:00,23:40:00,165,0.0,No Info,6722
Spicejet,2019-03-03,Mumbai,Hyderabad,13:10:00,14:30:00,80,0.0,No Info,5755
Jet Airways,2019-03-27,Delhi,Cochin,21:50:00,04:25:00,395,1.0,In-flight meal not included,6017
Jet Airways,2019-05-06,Mumbai,Hyderabad,07:05:00,08:30:00,85,0.0,In-flight meal not included,4995
Indigo,2019-06-12,Kolkata,Banglore,15:15:00,17:45:00,150,0.0,No Info,4804
Jet Airways,2019-06-12,Delhi,Cochin,13:00:00,19:00:00,360,1.0,In-flight meal not included,10262
Indigo,2019-03-24,Kolkata,Banglore,20:25:00,23:05:00,160,0.0,No Info,8872
Indigo,2019-05-21,Delhi,Cochin,09:15:00,21:00:00,705,1.0,No Info,7318
Multiple Carriers,2019-03-27,Delhi,Cochin,06:00:00,21:00:00,900,1.0,No Info,8055
Air India,2019-03-01,Banglore,New Delhi,11:50:00,23:55:00,725,1.0,Change airports,26092
Spicejet,2019-05-15,Delhi,Cochin,15:45:00,22:05:00,380,1.0,No Info,7947
Jet Airways,2019-05-01,Banglore,Delhi,11:10:00,14:05:00,175,0.0,In-flight meal not included,4030
Jet Airways,2019-06-15,Delhi,Cochin,17:30:00,19:00:00,1530,1.0,In-flight meal not included,10262
Jet Airways,2019-03-24,Mumbai,Hyderabad,02:55:00,04:25:00,90,0.0,In-flight meal not included,2071
Indigo,2019-05-18,Kolkata,Banglore,04:40:00,07:15:00,155,0.0,No Info,4804
Multiple Carriers,2019-03-27,Delhi,Cochin,10:45:00,19:15:00,510,1.0,No Info,7154
Jet Airways,2019-06-12,Delhi,Cochin,19:15:00,12:35:00,1040,1.0,In-flight meal not included,10262
Indigo,2019-03-27,Kolkata,Banglore,15:20:00,17:55:00,155,0.0,No Info,5198
Jet Airways,2019-03-27,Delhi,Cochin,02:15:00,18:50:00,995,1.0,In-flight meal not included,6017
Vistara,2019-05-12,Kolkata,Banglore,20:20:00,09:05:00,765,1.0,No Info,9397
Vistara,2019-05-03,Chennai,Kolkata,17:45:00,20:05:00,140,0.0,No Info,11982
Multiple Carriers,2019-06-27,Delhi,Cochin,17:50:00,01:30:00,460,2.0,No Info,18275
Indigo,2019-03-06,Delhi,Cochin,08:35:00,16:10:00,455,1.0,No Info,7514
Spicejet,2019-05-24,Chennai,Kolkata,09:45:00,12:00:00,135,0.0,No Info,3597
Multiple Carriers,2019-03-03,Delhi,Cochin,13:00:00,01:35:00,755,1.0,No Info,17493
Jet Airways,2019-06-12,Kolkata,Banglore,16:30:00,19:50:00,1640,1.0,In-flight meal not included,8529
Indigo,2019-05-06,Banglore,Delhi,22:10:00,01:00:00,170,0.0,No Info,3419
Air India,2019-05-21,Kolkata,Banglore,09:25:00,21:50:00,745,1.0,No Info,8366
Jet Airways,2019-05-15,Kolkata,Banglore,09:35:00,10:55:00,1520,1.0,No Info,14151
Air India,2019-03-24,Kolkata,Banglore,16:45:00,23:15:00,1830,2.0,No Info,12835
Indigo,2019-03-03,Chennai,Kolkata,22:05:00,00:25:00,140,0.0,No Info,5277
Jet Airways,2019-06-18,Mumbai,Hyderabad,08:45:00,10:15:00,90,0.0,In-flight meal not included,4995
Indigo,2019-06-21,Kolkata,Banglore,21:25:00,00:05:00,160,0.0,No Info,4804
Spicejet,2019-06-15,Mumbai,Hyderabad,13:15:00,14:45:00,90,0.0,No check-in baggage included,1965
Air India,2019-04-01,Banglore,Delhi,21:05:00,23:55:00,170,0.0,No Info,4441
Indigo,2019-04-21,Kolkata,Banglore,09:35:00,12:20:00,165,0.0,No Info,4804
Indigo,2019-05-18,Delhi,Cochin,10:35:00,01:30:00,895,1.0,No Info,7503
Indigo,2019-04-18,Banglore,Delhi,10:10:00,13:00:00,170,0.0,No Info,4591
Jet Airways,2019-05-21,Kolkata,Banglore,14:05:00,08:15:00,1090,1.0,No Info,14388
Indigo,2019-03-24,Chennai,Kolkata,11:35:00,14:00:00,145,0.0,No Info,4332
Multiple Carriers,2019-06-03,Delhi,Cochin,03:50:00,19:00:00,910,1.0,No Info,12192
Vistara,2019-05-21,Kolkata,Banglore,20:20:00,22:40:00,1580,1.0,No Info,8452
Multiple Carriers,2019-06-15,Delhi,Cochin,13:00:00,19:15:00,375,1.0,No Info,16108
Multiple Carriers,2019-03-27,Delhi,Cochin,17:00:00,01:35:00,515,1.0,No Info,6673
Jet Airways,2019-06-24,Delhi,Cochin,11:45:00,04:25:00,1000,2.0,No Info,13357
Jet Airways,2019-06-01,Delhi,Cochin,11:30:00,04:25:00,1015,1.0,In-flight meal not included,10262
Indigo,2019-06-06,Delhi,Cochin,08:30:00,21:00:00,750,1.0,No Info,6416
Jet Airways,2019-06-09,Delhi,Cochin,07:05:00,19:00:00,715,1.0,No Info,14714
Jet Airways,2019-06-01,Delhi,Cochin,09:35:00,04:25:00,1130,2.0,No Info,13292
Jet Airways,2019-05-18,Banglore,Delhi,18:55:00,22:00:00,185,0.0,In-flight meal not included,5198
Indigo,2019-05-12,Kolkata,Banglore,19:35:00,23:15:00,220,1.0,No Info,5276
Multiple Carriers,2019-03-09,Delhi,Cochin,06:40:00,19:45:00,785,1.0,No Info,12615
Multiple Carriers,2019-05-21,Delhi,Cochin,10:20:00,21:00:00,640,1.0,No Info,7485
Indigo,2019-06-15,Delhi,Cochin,14:20:00,22:30:00,490,1.0,No Info,6412
Indigo,2019-06-01,Kolkata,Banglore,20:20:00,22:55:00,155,0.0,No Info,4804
Vistara,2019-05-24,Kolkata,Banglore,07:10:00,18:50:00,700,1.0,No Info,9555
Jet Airways,2019-04-01,Kolkata,Banglore,16:30:00,22:35:00,365,1.0,No Info,12681
Jet Airways,2019-03-12,Banglore,New Delhi,18:55:00,16:10:00,1275,1.0,In-flight meal not included,11087
Air India,2019-05-15,Delhi,Cochin,06:50:00,07:40:00,1490,2.0,No Info,14431
Jet Airways,2019-05-06,Mumbai,Hyderabad,19:35:00,21:05:00,90,0.0,In-flight meal not included,2228
Multiple Carriers,2019-06-12,Delhi,Cochin,10:00:00,21:00:00,660,1.0,No Info,13587
Jet Airways,2019-03-24,Kolkata,Banglore,18:55:00,08:10:00,795,1.0,In-flight meal not included,11134
Jet Airways,2019-03-24,Mumbai,Hyderabad,15:50:00,17:20:00,90,0.0,No Info,5678
Air India,2019-05-06,Kolkata,Banglore,10:00:00,01:20:00,920,2.0,No Info,13873
Jet Airways,2019-03-21,Delhi,Cochin,19:10:00,04:25:00,1995,2.0,No Info,10929
Air Asia,2019-05-03,Banglore,Delhi,11:10:00,13:55:00,165,0.0,No Info,4483
Jet Airways,2019-05-15,Kolkata,Banglore,08:25:00,20:45:00,740,1.0,No Info,14781
Jet Airways,2019-04-01,Mumbai,Hyderabad,02:55:00,04:20:00,85,0.0,In-flight meal not included,2228
Jet Airways,2019-06-06,Delhi,Cochin,14:00:00,04:25:00,865,1.0,In-flight meal not included,10262
Multiple Carriers,2019-06-09,Delhi,Cochin,17:50:00,01:30:00,460,2.0,No Info,18485
Multiple Carriers,2019-05-09,Delhi,Cochin,11:40:00,19:15:00,455,1.0,No Info,8266
Jet Airways,2019-06-03,Delhi,Cochin,15:00:00,04:25:00,805,1.0,No Info,14714
Jet Airways,2019-04-01,Kolkata,Banglore,16:30:00,04:40:00,730,1.0,No Info,12681
Spicejet,2019-04-12,Kolkata,Banglore,22:20:00,00:40:00,140,0.0,No Info,3873
Jet Airways,2019-03-21,Banglore,New Delhi,08:00:00,07:40:00,1420,1.0,In-flight meal not included,7832
Jet Airways,2019-03-01,Banglore,New Delhi,14:05:00,20:20:00,375,1.0,No Info,27992
Goair,2019-06-03,Delhi,Cochin,14:25:00,19:35:00,310,1.0,No Info,9069
Jet Airways,2019-03-03,Mumbai,Hyderabad,02:55:00,04:25:00,90,0.0,No Info,5678
Indigo,2019-04-24,Delhi,Cochin,20:25:00,01:30:00,305,1.0,No Info,5065
Air India,2019-04-24,Banglore,Delhi,13:20:00,16:10:00,170,0.0,No Info,6121
Indigo,2019-05-27,Banglore,Delhi,10:10:00,13:00:00,170,0.0,No Info,3943
Indigo,2019-03-09,Chennai,Kolkata,07:55:00,10:15:00,140,0.0,No Info,6297
Jet Airways,2019-06-09,Delhi,Cochin,18:15:00,19:00:00,1485,1.0,In-flight meal not included,10577
Indigo,2019-05-12,Banglore,Delhi,07:10:00,10:05:00,175,0.0,No Info,4823
Air India,2019-03-01,Banglore,New Delhi,06:10:00,08:55:00,165,0.0,No Info,15676
Air India,2019-05-09,Kolkata,Banglore,14:30:00,23:15:00,525,2.0,No Info,14214
Air India,2019-06-09,Kolkata,Banglore,09:25:00,18:30:00,545,1.0,No Info,8576
Indigo,2019-04-09,Banglore,Delhi,04:00:00,06:50:00,170,0.0,No Info,3943
Jet Airways,2019-05-21,Delhi,Cochin,09:50:00,13:05:00,195,0.0,In-flight meal not included,7202
Air India,2019-05-06,Kolkata,Banglore,09:50:00,23:15:00,805,2.0,No Info,14120
Vistara,2019-04-01,Kolkata,Banglore,20:20:00,23:25:00,1625,1.0,No Info,7927
Multiple Carriers,2019-06-06,Delhi,Cochin,10:00:00,01:30:00,930,1.0,No Info,13377
Multiple Carriers,2019-06-12,Delhi,Cochin,04:55:00,12:35:00,460,1.0,No Info,10678
Air India,2019-05-27,Delhi,Cochin,18:30:00,19:15:00,1485,2.0,No Info,12488
Multiple Carriers,2019-03-21,Delhi,Cochin,08:00:00,21:00:00,780,1.0,No Info,6883
Multiple Carriers,2019-05-09,Delhi,Cochin,11:30:00,21:00:00,570,1.0,No Info,13727
Jet Airways,2019-04-03,Delhi,Cochin,02:15:00,04:25:00,1570,1.0,In-flight meal not included,5177
Spicejet,2019-03-06,Delhi,Cochin,16:35:00,22:50:00,375,1.0,No Info,7185
Air India,2019-03-06,Kolkata,Banglore,14:15:00,16:45:00,150,0.0,No Info,4960
Air India,2019-06-03,Delhi,Cochin,17:40:00,09:35:00,955,1.0,No Info,7258
Vistara,2019-06-06,Banglore,Delhi,07:00:00,09:40:00,160,0.0,No Info,4668
Air India,2019-05-18,Delhi,Cochin,17:40:00,23:00:00,320,1.0,No Info,8277
Jet Airways,2019-05-15,Kolkata,Banglore,21:10:00,09:20:00,730,1.0,In-flight meal not included,9663
Vistara,2019-04-06,Banglore,Delhi,07:00:00,09:40:00,160,0.0,No Info,5613
Jet Airways,2019-03-01,Banglore,New Delhi,14:05:00,00:45:00,640,1.0,No Info,26890
Goair,2019-05-03,Banglore,Delhi,07:45:00,10:40:00,175,0.0,No Info,3898
Vistara,2019-06-12,Banglore,Delhi,07:00:00,09:40:00,160,0.0,No Info,4668
Indigo,2019-03-12,Mumbai,Hyderabad,06:20:00,07:45:00,85,0.0,No Info,4049
Jet Airways,2019-05-01,Kolkata,Banglore,17:00:00,22:05:00,1745,1.0,No Info,14151
Jet Airways,2019-06-09,Kolkata,Banglore,20:25:00,09:45:00,800,1.0,No Info,14151
Jet Airways,2019-04-06,Delhi,Cochin,13:00:00,19:00:00,360,1.0,In-flight meal not included,5177
Indigo,2019-06-09,Delhi,Cochin,15:10:00,20:00:00,290,1.0,No Info,7060
Air Asia,2019-04-27,Delhi,Cochin,16:45:00,22:25:00,340,1.0,No Info,6451
Indigo,2019-05-21,Delhi,Cochin,11:55:00,18:10:00,375,1.0,No Info,6442
Air India,2019-06-24,Delhi,Cochin,22:00:00,19:15:00,1275,2.0,No Info,9181
Jet Airways,2019-03-24,Kolkata,Banglore,21:10:00,10:05:00,775,1.0,In-flight meal not included,12446
Jet Airways,2019-05-24,Kolkata,Banglore,20:00:00,10:05:00,845,1.0,In-flight meal not included,8586
Jet Airways,2019-06-27,Delhi,Cochin,21:50:00,19:00:00,1270,1.0,In-flight meal not included,10262
Air Asia,2019-03-03,Banglore,New Delhi,05:50:00,08:40:00,170,0.0,No Info,7652
Air India,2019-05-24,Kolkata,Banglore,19:00:00,04:40:00,580,1.0,No Info,6327
Jet Airways,2019-03-09,Banglore,New Delhi,08:55:00,15:55:00,420,2.0,No Info,23001
